{
  "version": "v1",
  "algorithm": "hologram+dl",
  "realtime": false,
  "gateway_names": ["gateway1", "gateway2", "gateway3"],
  "hardware": {
    "ant1offset_2": [0,0,0,0,0,0,0,0,0,0,0,0,0,0,0,0],
    "ant2offset_2": [0,0,0,0,0,0,0,0,0,0,0,0,0,0,0,0],
    "ant3offset_2": [0,0,0,0,0,0,0,0,0,0,0,0,0,0,0,0],
    "ant1offset":[0,	0.206288214296190,	5.11245435340629,	1.37916910352593,	5.83162858118956,	5.84412763029745,	5.85951920563803,	5.43445123690365,	5.77969777259397,	5.61584095383868,	5.71849948684617,	5.48296106017522,	5.70221589840266,	5.84569798656037,	5.35367907347478,	5.96138915795007],
    "ant2offset":[0, 0.290192995159020,	0.315613409631928,	0.256910143600433,	0.291003477146687,	0.349945555286110,	0.391270349298891,	0.364100295824660,	0.549164426933884,	0.402659197132397,	0.521105558416981,	0.425805714248147,	0.750313208424851,	0.798367794708454,	0.226090217216560,	5.77720798316392],
    "ant3offset":[0,	1.34674391906057,	1.29551247946594,	5.48659832518807,	4.16753776981999,	2.88484605567173,	2.74399796194867,	3.59474615374952,	5.14751450768630,	4.51779009458684,	4.26034043234366,	5.12178622014271,	5.45355652381102,	4.45976900473227,	3.84500906303113,	4.97404842505719],
    "atnseq_ours": [9, 8, 7, 6, 10, 11, 4, 5, 13, 12, 3, 2, 14, 15, 0, 1],
    "atnseq": [10, 9, 6, 5, 11, 8, 7, 4, 14, 13, 2, 1, 15, 12, 3, 0]
  },
  "server": {
    "IP": "158.132.255.118",
    "IP2": "10.68.48.100",
    "Port": "5672",
    "Username": "admin",
    "Password": "admin"
  },
  "loc":{
    "music":{
      "frequency": 920e6,
      "element_dis": 0.156,
      "array_length": 4,
      "subarray_length": 3,
      "xRange": [-3,3],
      "yRange": [1.46,1.46],
      "zRange": [-3,3],
      "coarse_resolution": 0.1,
      "fine_resolution": 0.01
    }
  }
}